time_s,pos_mm,vel_mms,accel_g,u_cmd_N,servo_deg,sky_on
0.000,20.9,-1.5,0.995,0,90,0
0.050,21.1,6.3,0.99,0,90,0
0.100,20.1,-8.2,0.983,0,90,0
0.150,18.8,-29.5,0.994,0,90,0
0.200,19,-2.6,0.986,0,90,0
0.250,20.6,9.8,0.987,0,90,0
0.300,20.5,0.8,0.992,0,90,0
0.350,19.3,-30.5,0.986,0,90,0
0.400,20,11.5,0.984,0,90,0
0.450,20.9,17.3,0.991,0,90,0
0.500,20.4,0.9,0.991,0,90,0
0.550,19.7,-14.3,0.983,0,90,0
0.600,19.9,2.9,0.996,0,90,0
0.650,19.2,-2,0.978,0,90,0
0.700,20.6,28.3,0.995,0,90,0
0.750,22,31.5,0.983,0,90,0
0.800,20.6,-0.5,0.986,0,90,0
0.850,21.2,14.6,1.004,0,90,0
0.900,20.6,-10.8,0.983,0,90,0
0.950,21.6,20.8,0.985,0,90,0
1.000,20.5,-19.8,0.988,0,90,0
1.050,21.1,13.4,0.99,0,90,0
1.100,20.9,-3.6,0.982,0,90,0
1.150,20.4,-10.5,0.987,0,90,0
1.200,20.5,7.4,0.99,0,90,0
1.250,20.5,-1.2,0.996,0,90,0
1.300,19.7,-16,0.98,0,90,0
1.350,21.7,11.7,0.982,0,90,0
1.400,21.3,-5.1,1.001,0,90,0
1.450,21.5,11.3,0.983,0,90,0
1.500,21.4,2.1,0.979,0,90,0
1.550,21.8,9.3,0.996,0,90,0
1.600,21.8,-0.8,0.992,0,90,0
1.650,22.4,14.3,0.971,0,90,0
1.700,21.7,-10.3,0.983,0,90,0
1.750,20.8,2.3,1.059,0,90,0
1.800,21.7,17,0.981,0,90,0
1.850,22,6.9,0.995,0,90,0
1.900,20.6,-5.5,0.987,0,90,0
1.950,20.5,-4.7,0.974,0,90,0
2.000,21.4,10.5,1.003,0,90,0
2.050,20.3,-21.1,0.985,0,90,0
2.100,21.1,12.1,1,0,90,0
2.150,21,-14.9,1,0,90,0
2.200,21.5,9.8,0.995,0,90,0
2.250,20.1,-29.1,1.005,0,90,0
2.300,20.3,-1.9,0.989,0,90,0
2.350,18.6,-39.1,0.987,0,90,0
2.400,19.6,11.7,0.993,0,90,0
2.450,19.4,5.5,0.991,0,90,0
2.500,20.4,19.7,1,0,90,0
2.550,21.2,6.7,0.972,0,90,0
2.600,20.2,-16.8,0.979,0,90,0
2.650,20.3,0.7,1.002,0,90,0
2.700,20.6,-0.6,0.99,0,90,0
2.750,20.2,-8,1.012,0,90,0
2.800,20.6,8.2,0.998,0,90,0
2.850,21.4,13.4,1.012,0,90,0
2.900,22.1,18.9,0.964,0,90,0
2.950,21,4.3,0.985,0,90,0
3.000,20.8,-3.9,0.983,0,90,0
3.050,20.7,-3.3,0.973,0,90,0
3.100,21,13.8,0.991,0,90,0
3.150,20.4,-10.8,0.995,0,90,0
3.200,19.4,-24.2,0.986,0,90,0
3.250,19.9,11.4,0.986,0,90,0
3.300,19.3,-12.8,1.005,0,90,0
3.350,19.4,-3.4,0.972,0,90,0
3.400,19.9,13.7,0.982,0,90,0
3.450,20.4,11.6,1,0,90,0
3.500,20.5,-7.7,0.997,0,90,0
3.550,19.4,-21.6,0.986,0,90,0
3.600,20.8,26.7,0.986,0,90,0
3.650,22.2,29,0.989,0,90,0
3.700,22.6,17.2,0.99,0,90,0
3.750,21.5,-15.4,0.99,0,90,0
3.800,21.7,0.5,0.988,0,90,0
3.850,20.9,-14.6,0.984,0,90,0
3.900,21.1,2.6,0.989,0,90,0
3.950,21,3,0.987,0,90,0
4.000,20.8,-4.9,0.993,0,90,0
4.050,22,26.4,0.996,0,90,0
4.100,19.7,-45,0.984,0,90,0
4.150,19.9,-0.8,0.982,0,90,0
4.200,18.2,-36.9,0.984,0,90,0
4.250,16.5,-46.4,0.973,0,90,0
4.300,17.5,5.6,0.999,0,90,0
4.350,19.5,17.9,1.008,0,90,0
4.400,18.8,-14.8,0.964,0,90,0
4.450,19,2.4,0.985,0,90,0
4.500,18.1,-11,0.995,0,90,0
4.550,18.2,-1.8,0.987,0,90,0
4.600,19.8,18.9,0.969,0,90,0
4.650,18.3,-28.9,0.981,0,90,0
4.700,19.4,20.4,0.989,0,90,0
4.750,18.8,-4.4,0.971,0,90,0
4.800,19,3.8,0.979,0,90,0
4.850,19.8,18.2,0.969,0,90,0
4.900,18.2,-29.6,0.992,0,90,0
4.950,17.6,-17.7,0.983,0,90,0
5.000,16.8,-22.5,0.972,0,90,0
5.050,16.4,-18.5,0.989,0,90,0
5.100,16.1,-15.7,1.001,0,90,0
5.150,16.4,-14.7,1.001,0,90,0
5.200,17.1,10,1.002,0,90,0
5.250,16.5,-14,0.986,0,90,0
5.300,16.6,4.9,0.988,0,90,0
5.350,16.9,4.1,0.993,0,90,0
5.400,16.3,-11.5,0.986,0,90,0
5.450,15.5,2.6,0.995,0,90,0
5.500,14.7,-20.3,0.993,0,90,0
5.550,16.8,27,0.997,0,90,0
5.600,17.3,15.4,0.987,0,90,0
5.650,15.6,-31.9,0.991,0,90,0
5.700,15.5,-3.9,0.993,0,90,0
5.750,14.8,-18.3,0.977,0,90,0
5.800,15.7,14.4,1,0,90,0
5.850,15.6,6.3,0.993,0,90,0
5.900,14.9,-17.2,0.99,0,90,0
5.950,14,-22.1,0.987,0,90,0
6.000,14.5,14,0.994,0,90,0
6.050,15.1,11.9,0.991,0,90,0
6.100,16.8,4.1,0.981,0,90,0
6.150,16.6,3.5,0.97,0,90,0
6.200,16.6,3,0.972,0,90,0
6.250,17,8.5,0.99,0,90,0
6.300,16.1,-15.3,0.994,0,90,0
6.350,16.2,2,0.992,0,90,0
6.400,14.6,-36,0.997,0,90,0
6.450,14.5,-8.1,0.986,0,90,0
6.500,15.2,8.1,0.999,0,90,0
6.550,15.4,8.1,0.99,0,90,0
6.600,15.4,-0.6,0.984,0,90,0
6.650,16,5.9,0.992,0,90,0
6.700,15.8,-2.5,0.992,0,90,0
6.750,16.7,20.4,0.999,0,90,0
6.800,15.1,-9.6,0.986,0,90,0
6.850,16.3,21.8,0.986,0,90,0
6.900,16.3,3.5,0.979,0,90,0
6.950,16,-4.9,0.988,0,90,0
7.000,15.5,-11.7,0.998,0,90,0
7.050,14.7,-17.4,0.996,0,90,0
7.100,15.6,16.3,0.993,0,90,0
7.150,16.6,21.3,1.006,0,90,0
7.201,16.4,-6,0.991,0,90,0
7.251,16.7,9.9,0.991,0,90,0
7.301,16.6,0.9,1,0,90,0
7.351,16.3,1.8,0.974,0,90,0
7.401,16.3,1.5,1.044,0,90,0
7.451,15.6,-13.7,1.006,0,90,0
7.501,16.9,26.5,0.992,0,90,0
7.551,16.7,0,1.009,0,90,0
7.601,15.9,-15,0.887,0,90,0
7.651,15.5,-31.5,1.009,0,90,0
7.701,15.8,3.3,0.974,0,90,0
7.751,15.9,3.5,0.991,0,90,0
7.801,15.4,-12,0.983,0,90,0
7.851,15.7,4.8,1.014,0,90,0
7.901,14.1,-32.9,0.975,0,90,0
7.951,14.9,9.5,0.739,0,90,0
8.001,15.1,0.6,1.004,0,90,0
8.051,15,1.5,1.143,0,90,0
8.101,14.1,-21.2,0.994,0,90,0
8.151,13.5,-18,0.943,0,90,0
8.201,13.3,-15.3,0.985,0,90,0
8.251,12.3,-28,1.119,0,90,0
8.301,12,-15,0.94,0,90,0
8.351,12.1,-5.2,1.08,0,90,0
8.401,11.2,-26.9,1.015,0,90,0
8.451,9.2,-51.7,0.989,0,90,0
8.501,9.6,-6.5,0.907,0,90,0
8.551,10.2,2,0.978,0,90,0
8.601,9.8,-11.3,0.982,0,90,0
8.651,10.3,5.4,0.976,0,90,0
8.701,8.3,-29.1,0.967,0,90,0
8.751,7.6,-24.7,1.015,0,90,0
8.801,8.9,16.5,0.969,0,90,0
8.851,10.1,13,0.948,0,90,0
8.901,10.6,11.1,0.95,0,90,0
8.951,11.9,31.9,1.026,0,90,0
9.001,11.7,-5.8,1.103,0,90,0
9.051,13,32.6,1.121,0,90,0
9.101,12.4,-2.3,0.975,0,90,0
9.151,13.7,26.1,1.055,0,90,0
9.201,12.9,-7.8,0.977,0,90,0
9.251,14,12.3,0.988,0,90,0
9.301,13.8,3,0.977,0,90,0
9.351,15,32.5,0.986,0,90,0
9.401,13.2,-15.9,0.97,0,90,0
9.451,12.9,-6,0.986,0,90,0
9.501,14.1,24.9,0.957,0,90,0
9.551,13.8,-10.9,0.966,0,90,0
9.601,12.6,-24.2,1.044,0,90,0
9.651,12.2,-13.1,0.968,0,90,0
9.701,9.4,-35,0.97,0,90,0
9.751,8.7,-29.7,0.927,0,90,0
9.801,8,-21.5,0.977,0,90,0
9.851,8.1,-10.8,1.045,0,90,0
9.901,6.8,-39.1,1.012,0,90,0
9.951,8.4,12.2,1,0,90,0
10.001,7.7,-19.6,1.017,0,90,0
10.051,8.7,13.3,0.951,0,90,0
10.101,8.1,17.5,0.979,0,90,0
10.151,6.8,-30.1,0.995,0,90,0
10.201,7.4,4.4,0.901,0,90,0
10.251,5.7,-3.9,0.992,0,90,0
10.301,5.9,-3.4,0.967,0,90,0
10.351,5.6,-8.8,1.019,0,90,0
10.401,5.2,-15,0.988,0,90,0
10.451,6,9.8,0.971,0,90,0
10.501,5.9,-6.8,0.987,0,90,0
10.551,5.4,-13.3,0.992,0,90,0
10.601,5,-11.3,1.041,0,90,0
10.651,4.7,-8.2,0.853,0,90,0
10.701,4.6,-6.9,1.036,0,90,0
10.751,5.6,16.6,0.849,0,90,0
10.801,4.4,-4.9,0.977,0,90,0
10.851,4.4,-4.1,0.966,0,90,0
10.901,3.8,9,1.009,0,90,0
10.951,4,0.2,0.967,0,90,0
11.001,3.8,-7.4,0.9,0,90,0
11.051,3.9,2.2,0.966,0,90,0
11.101,4.1,1.8,0.978,0,90,0
11.151,3.1,-20.9,0.902,0,90,0
11.201,2.7,-8.7,0.978,0,90,0
11.251,3,0.1,0.974,0,90,0
11.301,1.8,-11.6,0.977,0,90,0
11.351,2,-2.3,0.973,0,90,0
11.401,1.8,-9.5,0.981,0,90,0
11.451,2.9,14.5,0.592,0,90,0
11.501,3,4.8,0.768,0,90,0
11.551,2.5,-10.9,0.966,0,90,0
11.601,4.3,26.3,0.842,0,90,0
11.651,4,-0.2,0.754,0,90,0
11.701,5.5,37.3,0.848,0,90,0
11.751,6.7,29.2,0.976,0,90,0
11.801,6.3,2.3,0.931,0,90,0
11.851,7.4,12.2,0.814,0,90,0
11.901,7,2.9,0.999,0,90,0
11.951,6.5,-5.1,0.991,0,90,0
12.001,8.4,20.7,1.059,0,90,0
12.051,9.8,40.1,0.857,0,90,0
12.101,10,19.1,0.951,0,90,0
12.151,12.2,31.8,1.007,0,90,0
12.201,13.3,42,0.966,0,90,0
12.251,12.6,5.7,0.988,0,90,0
12.301,11.9,4.1,0.983,0,90,0
12.351,11.4,-4,1.061,0,90,0
12.401,11.2,-13.8,0.901,0,90,0
12.451,9.8,-26.7,0.907,0,90,0
12.501,9,-22.7,1.054,0,90,0
12.551,8.2,-44.5,0.983,0,90,0
12.601,7.5,-22.8,0.985,0,90,0
12.651,7.5,-11.9,1.02,0,90,0
12.701,6.3,-21.4,0.999,0,90,0
12.751,6.3,-10.7,0.966,0,90,0
12.801,6,-16.6,0.972,0,90,0
12.851,3.8,-39.7,0.974,0,90,0
12.901,3.7,-18.8,0.969,0,90,0
12.951,2.2,-16.6,1.011,0,90,0
13.001,0.9,-44.1,0.976,0,90,0
13.051,1.8,0,0.984,0,90,0
13.101,1.3,-30,0.974,0,90,0
13.151,2,4.5,1.022,0,90,0
13.201,1.5,-18.7,0.686,0,90,0
13.251,0.9,-13.5,0.986,0,90,0
13.301,-0.4,-34,0.977,0,90,0
13.351,-0.4,-13.9,0.964,0,90,0
13.401,-1.8,-31.4,0.986,0,90,0
13.451,-1,3.3,0.978,0,90,0
13.501,-0.6,-5.1,0.974,0,90,0
13.551,-0.9,-11.8,1.108,0,90,0
13.601,-0.1,12.4,0.692,0,90,0
13.651,0.4,1.5,0.935,0,90,0
13.701,1.5,23.8,0.917,0,90,0
13.751,1.4,5.2,0.983,0,90,0
13.801,2.1,18.8,1.073,0,90,0
13.851,4.3,53.4,0.938,0,90,0
13.901,5.1,28.1,0.925,0,90,0
13.951,5.2,16.4,0.967,0,90,0
14.001,6,28.9,0.931,0,90,0
14.051,7.7,34.8,0.974,0,90,0
14.101,9,44.6,0.973,0,90,0
14.151,8.1,0.4,0.976,0,90,0
14.201,8.5,30.3,0.858,0,90,0
14.251,8.5,10.7,1.046,0,90,0
14.301,9.5,31.6,0.982,0,90,0
14.351,10.1,6.7,0.969,0,90,0
14.401,10.6,20.7,0.921,0,90,0
14.451,12.7,43.8,0.941,0,90,0
14.501,13.3,29.8,0.652,0,90,0
14.551,12.3,-4.7,1.014,0,90,0
14.601,14.2,18.7,1.04,0,90,0
14.651,13.6,0.9,0.975,0,90,0
14.701,12.1,-21.7,0.984,0,90,0
14.751,11.8,5.7,0.933,0,90,0
14.801,11.7,-2.7,0.969,0,90,0
14.851,11.2,-9.8,1.311,0,90,0
14.901,8.2,-49.8,0.86,0,90,0
14.951,7.9,-19.8,0.955,0,90,0
15.001,5.9,-33.5,1.073,0,90,0
15.051,5.4,-28.4,1.139,0,90,0
15.101,4.7,-31.7,1.003,0,90,0
15.151,4.6,-26.3,0.939,0,90,0
15.201,4.2,-22.3,0.979,0,90,0
15.251,4.6,-4,0.901,0,90,0
15.301,4.1,-16.7,1.037,0,90,0
15.351,2.8,-36.7,0.968,0,90,0
15.401,3,-8.7,0.911,0,90,0
15.451,2.3,-20.2,1.014,0,90,0
15.501,2.7,-2.2,0.187,0,90,0
15.551,1.4,-20.7,1.002,0,90,0
15.601,1,-17.6,0.963,0,90,0
15.651,1.9,7.6,0.972,0,90,0
15.701,0.4,-20,0.978,0,90,0
15.751,1.1,5.5,0.944,0,90,0
15.801,1.6,4.6,0.913,0,90,0
15.851,2.2,-6.4,0.984,0,90,0
15.901,1.9,-5.4,0.996,0,90,0
15.951,0.7,-27.1,0.916,0,90,0
16.001,3.3,16.4,1.056,0,90,0
16.051,4,21.4,0.92,0,90,0
16.101,6.4,44.4,0.953,0,90,0
16.151,6.1,7.7,0.98,0,90,0
16.201,6.2,14.1,0.9,0,90,0
16.251,9.4,40.9,1.016,0,90,0
16.301,10.5,42.3,0.975,0,90,0
16.351,11.5,43.4,0.976,0,90,0
16.401,13.2,56.1,0.925,0,90,0
16.451,13.3,25.2,0.972,0,90,0
16.501,14.4,43.9,0.971,0,90,0
16.551,13.9,2.9,1.024,0,90,0
16.601,13,-5.1,0.935,0,90,0
16.651,14.4,21.8,0.913,0,90,0
16.701,15.1,26.1,0.983,0,90,0
16.751,15.2,14.7,0.958,0,90,0
16.801,15.7,-0.3,0.871,0,90,0
16.851,14.9,-7.7,0.906,0,90,0
16.901,13,-36.6,0.885,0,90,0
16.951,11.9,-22.3,1.011,0,90,0
17.001,12.1,-4,0.932,0,90,0
17.051,9.5,-26.1,0.944,0,90,0
17.101,9.5,-14.7,0.967,0,90,0
17.151,9.1,-20,0.968,0,90,0
17.201,9.2,1.7,0.945,0,90,0
17.251,8.9,-13.6,1.195,0,90,0
17.301,9.4,3.5,0.951,0,90,0
17.351,8.2,-6.9,0.974,0,90,0
17.401,8.2,-5.8,0.974,0,90,0
17.451,7.6,-20,0.979,0,90,0
17.501,6.4,-12.2,1.116,0,90,0
17.551,6.8,-2.8,1.008,0,90,0
17.601,9.3,33.2,0.993,0,90,0
17.651,8.7,-9.3,0.996,0,90,0
17.701,10,29.6,1.009,0,90,0
17.751,11.8,37.5,1.096,0,90,0
17.801,11.7,9.4,0.999,0,90,0
17.851,11.6,8,0.997,0,90,0
17.901,12.8,27.1,1.096,0,90,0
17.951,12.3,0.6,0.975,0,90,0
18.001,13.4,30.5,0.98,0,90,0
18.051,15.8,25,0.968,0,90,0
18.101,16.4,28.8,0.947,0,90,0
18.151,16.9,30.5,0.969,0,90,0
18.201,16.7,11,0.964,0,90,0
18.251,16.2,1.8,0.973,0,90,0
18.301,15.9,9.9,0.973,0,90,0
18.351,15.4,-6.6,0.911,0,90,0
18.401,14.3,-20.6,1.056,0,90,0
18.451,13.7,1.3,0.976,0,90,0
18.501,12.9,-21.4,0.94,0,90,0
18.551,12.7,-10.7,0.889,0,90,0
18.601,10.2,-33.2,0.982,0,90,0
18.651,9.6,-28.3,0.855,0,90,0
18.701,8.2,-35.4,0.974,0,90,0
18.751,7.9,-22.6,0.984,0,90,0
18.801,7.4,-26.7,0.976,0,90,0
18.851,7.2,-11.8,0.838,0,90,0
18.901,7.6,-2.5,1.01,0,90,0
18.951,6.1,-39.6,0.976,0,90,0
19.001,6.6,-2,0.974,0,90,0
19.051,7.3,5.8,1,0,90,0
19.101,5.6,-40.1,0.958,0,90,0
19.151,6.7,-6.8,1.024,0,90,0
19.201,5.9,-20.8,0.96,0,90,0
19.251,4.9,-23.7,0.972,0,90,0
19.301,5.8,9.9,0.974,0,90,0
19.351,5.7,-6.6,0.968,0,90,0
19.401,4.7,-10,1.095,0,90,0
19.451,5.3,6.5,1.287,0,90,0
19.501,5,-9.5,0.945,0,90,0
19.551,7.1,8.9,0.943,0,90,0
19.601,8.6,37.6,0.845,0,90,0
19.651,8.2,9.1,0.976,0,90,0
19.701,9,22.8,0.941,0,90,0
19.751,9.8,26.9,1.125,0,90,0
19.801,10.6,29.2,0.973,0,90,0
19.851,11.3,24.8,0.967,0,90,0
19.901,12.7,43.6,1.012,0,90,0
19.951,12,6,0.912,0,90,0
20.001,13.2,35.1,1.021,0,90,0
20.051,12.5,-0.2,0.946,0,90,0
20.101,13.2,21.2,1.006,0,90,0
20.151,14.6,40.6,0.973,0,90,0
20.201,13.1,-19.8,0.973,0,90,0
20.251,12.5,-9.4,0.967,0,90,0
20.301,13.9,29.6,0.962,0,90,0
20.351,15.5,30,1.127,0,90,0
20.401,13.7,-27,1.096,0,90,0
20.451,13.6,-0.5,1.033,0,90,0
20.501,12,-20.6,0.952,0,90,0
20.551,11.4,-17.5,0.982,0,90,0
20.601,9.7,-44.9,1.035,0,90,0
20.651,8.9,-38,1.037,0,90,0
20.701,9.1,-9.8,1.021,0,90,0
20.751,8.9,-14.6,0.933,0,90,0
20.801,9.1,-4.9,0.972,0,90,0
20.851,8.1,-26.7,1.173,0,90,0
20.901,7.4,-20.4,0.992,0,90,0
20.951,6.7,-24.8,0.981,0,90,0
21.001,6.9,-6.1,0.995,0,90,0
21.051,6.9,-11.9,0.957,0,90,0
21.101,5.6,-32.6,1.007,0,90,0
21.151,4.5,-35.2,0.955,0,90,0
21.201,3.6,-18,0.991,0,90,0
21.251,3.2,-22.8,0.974,0,90,0
21.301,4,4.9,0.975,0,90,0
21.351,3.8,-10.8,0.977,0,90,0
21.401,4.7,13.3,0.979,0,90,0
21.451,3.6,1.4,0.978,0,90,0
21.501,3.5,-6.3,0.971,0,90,0
21.551,2.1,-35.4,0.988,0,90,0
21.601,4,31.1,0.996,0,90,0
21.651,4.9,18.9,0.979,0,90,0
21.701,4.7,1.1,0.953,0,90,0
21.751,3.1,-10.9,0.994,0,90,0
21.801,3.9,13.3,0.969,0,90,0
21.851,3.6,-21.5,1.036,0,90,0
21.901,3.2,-10.8,1.005,0,90,0
21.951,3.3,-1.7,0.972,0,90,0
22.001,2.7,2.2,0.972,0,90,0
22.051,1.2,-35.7,0.945,0,90,0
22.101,0.9,-15.3,0.97,0,90,0
22.151,0.6,-29.4,0.968,0,90,0
22.201,0.2,-17.5,0.93,0,90,0
22.251,1.1,-1,1.035,0,90,0
22.301,3,36.6,1.073,0,90,0
22.351,3.5,16.1,0.97,0,90,0
22.401,5.4,23.3,0.983,0,90,0
22.451,6.1,27.3,0.881,0,90,0
22.501,5.8,8.2,1.067,0,90,0
22.551,6.2,12.3,1.016,0,90,0
22.601,6.9,25.4,0.962,0,90,0
22.651,8.9,51.6,0.972,0,90,0
22.701,10.9,37.3,0.998,0,90,0
22.751,10.4,9.2,0.964,0,90,0
22.801,11.1,28,0.935,0,90,0
22.851,10.8,8.8,0.727,0,90,0
22.901,12.1,37.5,0.954,0,90,0
22.951,11.3,0.5,0.964,0,90,0
23.001,11.4,7.9,0.973,0,90,0
23.051,11.4,6.7,0.965,0,90,0
23.101,13,33.7,0.965,0,90,0
23.151,12.8,6.2,0.957,0,90,0
23.201,12.3,-2.3,0.966,0,90,0
23.251,12,-39.5,1.03,0,90,0
23.301,11.1,-18.6,0.989,0,90,0
23.351,10.5,-5.9,0.946,0,90,0
23.401,10.1,-12.5,0.972,0,90,0
23.451,8.8,-33.2,0.973,0,90,0
23.501,7.6,-25.1,0.957,0,90,0
23.551,7.9,-6.3,0.976,0,90,0
23.601,7.7,-12.9,1,0,90,0
23.651,7.8,-10.4,0.924,0,90,0
23.701,6.9,-23.9,0.955,0,90,0
23.751,6,-27.8,1.007,0,90,0
23.801,4.5,-26.4,0.788,0,90,0
23.851,4.1,-22.5,0.969,0,90,0
23.901,5.4,2.9,0.985,0,90,0
23.951,4.7,-20,0.901,0,90,0
24.001,5.3,5.5,0.947,0,90,0
24.051,7.3,15.6,0.98,0,90,0
24.101,6.6,-9.3,1.025,0,90,0
24.151,7.3,14.6,0.824,0,90,0
24.201,8.9,42.8,0.957,0,90,0
24.251,8,-8.6,0.915,0,90,0
24.301,8.1,7.7,1.021,0,90,0
24.351,9.9,16.1,0.937,0,90,0
24.401,11.1,36.1,0.822,0,90,0
24.451,10.4,-0.5,0.958,0,90,0
24.501,10.7,14.6,1.05,0,90,0
24.551,12.7,49.9,0.967,0,90,0
24.601,15,44.7,0.975,0,90,0
24.651,14.1,0.5,0.969,0,90,0
24.701,14.5,22.9,0.961,0,90,0
24.751,12.1,-15.3,0.919,0,90,0
24.801,10.8,-28,0.755,0,90,0
24.851,10.4,-6.4,1.171,0,90,0
24.901,9.7,-20.4,0.933,0,90,0
24.951,8.2,-39.9,0.951,0,90,0
25.001,6.2,-36.3,0.938,0,90,0
25.051,6.6,-8.4,0.96,0,90,0
25.101,5.5,-37.1,0.985,0,90,0
25.151,6.2,-8.8,0.941,0,90,0
25.201,7,7.5,0.966,0,90,0
25.251,5.4,-38.6,0.966,0,90,0
25.301,5.5,-0.1,0.972,0,90,0
25.351,5.8,-0.1,0.952,0,90,0
25.401,3.5,-51.5,0.972,0,90,0
25.451,3.8,-6.2,0.963,0,90,0
25.501,5.4,24.7,0.956,0,90,0
25.551,6.2,4,0.985,0,90,0
25.601,5.9,-4.1,0.998,0,90,0
25.651,7.1,26.5,0.916,0,90,0
25.701,9.4,33,1.013,0,90,0
25.751,10.4,35.6,0.97,0,90,0
25.801,11.5,37.7,0.979,0,90,0
25.851,14.1,47.5,0.971,0,90,0
25.901,13.8,17.9,0.973,0,90,0
25.951,14.4,-0.2,0.991,0,90,0
26.001,13.7,-0.2,0.961,0,90,0
26.051,13.9,14.9,0.969,0,90,0
26.101,13.3,-3.1,0.97,0,90,0
26.151,13.7,12.3,0.966,0,90,0
26.201,15,33,0.927,0,90,0
26.251,15.1,2.5,0.969,0,90,0
26.301,14.2,-12.9,0.958,0,90,0
26.351,13.2,-18.5,0.977,0,90,0
26.401,11.8,-2.5,0.793,0,90,0
26.451,10.3,-39.6,1.033,0,90,0
26.501,8.7,-20,0.873,0,90,0
26.551,8.6,-17,0.957,0,90,0
26.601,6.8,-51.9,0.97,0,90,0
26.651,6.7,-28.2,0.977,0,90,0
26.701,5.5,-38.9,1.023,0,90,0
26.751,6.2,-3.1,0.95,0,90,0
26.801,5.5,-13.9,0.982,0,90,0
26.851,5.1,-19.3,0.974,0,90,0
26.901,4.5,-23.9,0.97,0,90,0
26.951,3.3,-23.6,0.968,0,90,0
27.001,4.4,9.9,0.976,0,90,0
27.051,4.5,3,0.949,0,90,0
27.101,5.5,17.6,1.059,0,90,0
27.151,7.2,37.4,0.943,0,90,0
27.201,10.1,49.6,0.93,0,90,0
27.251,10.6,27.1,0.993,0,90,0
27.301,10.2,8.1,0.89,0,90,0
27.351,12,31.3,1.03,0,90,0
27.401,14.3,64.1,0.971,0,90,0
27.451,14.3,49,0.983,0,90,0
27.501,14.3,19.1,0.948,0,90,0
27.551,14.3,16.2,0.962,0,90,0
27.601,15,18.1,0.97,0,90,0
27.651,14.1,-7.1,0.934,0,90,0
27.701,14.9,24,0.947,0,90,0
27.751,13.4,19.9,0.992,0,90,0
27.801,13,-5.6,1.045,0,90,0
27.851,12.8,-4.7,0.891,0,90,0
27.901,10.5,-30,1.065,0,90,0
27.951,9.4,-33,0.859,0,90,0
28.001,7.7,-30.2,1.061,0,90,0
28.051,6.2,-48.2,0.95,0,90,0
28.101,5.2,-41,0.954,0,90,0
28.151,3.9,-28.5,0.956,0,90,0
28.201,4.1,-16.7,1.054,0,90,0
28.251,3.9,-21.7,0.99,0,90,0
28.301,3.1,-31.8,0.967,0,90,0
28.351,2.9,-19.5,0.955,0,90,0
28.401,2.7,-16.6,0.972,0,90,0
28.451,2.7,-3.4,0.977,0,90,0
28.501,2.9,-2.9,1.045,0,90,0
28.551,4.9,17.1,0.753,0,90,0
28.601,5.1,7,0.948,0,90,0
28.651,4.9,-1.6,1.008,0,90,0
28.701,7.8,38.3,0.961,0,90,0
28.751,9.4,47.5,0.997,0,90,0
28.801,10.5,40.4,1.033,0,90,0
28.851,12.9,50.6,0.891,0,90,0
28.901,14.4,58,0.932,0,90,0
28.951,13.4,4.3,0.94,0,90,0
29.001,13.7,5,1.028,0,90,0
29.051,14.3,26.7,0.964,0,90,0
29.101,14,23.8,0.985,0,90,0
29.151,13.5,-2.3,0.969,0,90,0
29.201,14.1,20.6,0.97,0,90,0
29.251,14.9,33.2,0.971,0,90,0
29.301,13.7,-16.7,1.033,0,90,0
29.351,13.2,-6.7,0.872,0,90,0
29.401,11.5,-26.2,1.027,0,90,0
29.451,10.7,-22.3,0.97,0,90,0
29.501,11,-4,0.876,0,90,0
29.551,8.8,-18.6,0.951,0,90,0
29.601,8.3,-23.3,0.91,0,90,0
29.651,8.2,-19.1,0.949,0,90,0
29.701,7.6,-23.7,1.135,0,90,0
29.751,7.5,-12.7,0.926,0,90,0
29.801,5,-43.3,0.933,0,90,0
29.851,4.5,-29.3,0.997,0,90,0
29.901,3.7,-32.4,0.981,0,90,0
29.951,3.9,-9.5,0.967,0,90,0
30.001,2.3,-45.6,0.963,0,90,0
30.051,2.8,2.3,0.962,0,90,0
30.101,3,-5.5,0.918,0,90,0
30.151,3.2,-4.7,0.938,0,90,0
30.201,3.6,4.1,0.923,0,90,0
30.251,4.3,11,0.851,0,90,0
30.301,6.8,54.3,0.927,0,90,0
30.351,7.1,13.8,0.902,0,90,0
30.401,9.7,64.2,1.016,0,90,0
30.451,10.3,32.1,1.271,0,90,0
30.501,12.7,60.7,0.92,0,90,0
30.551,11.5,-0.9,0.909,0,90,0
30.601,12,0.1,1.132,0,90,0
30.651,13.5,45.1,1.051,0,90,0
30.701,12.8,0.8,0.959,0,90,0
30.751,14.6,15.2,0.974,0,90,0
30.801,15.6,35.4,0.955,0,90,0
30.851,14.1,-14.9,0.983,0,90,0
30.901,14.5,7.2,0.976,0,90,0
30.951,15.5,28.7,0.873,0,90,0
31.001,15.5,9.4,0.979,0,90,0
31.051,13.6,-21,0.978,0,90,0
31.101,11.1,-55.3,0.986,0,90,0
31.151,9.3,-26.1,0.917,0,90,0
31.201,8.6,-29.7,0.966,0,90,0
31.251,8.9,-10.2,0.954,0,90,0
31.301,6.7,-31.8,1.003,0,90,0
31.351,5.9,-34.5,1.026,0,90,0
31.401,6.1,-14.3,0.938,0,90,0
31.451,5.9,-17.9,0.99,0,90,0
31.501,5.4,-22.7,1.102,0,90,0
31.551,4,-41.8,1.01,0,90,0
31.601,3.2,-33.6,0.968,0,90,0
31.651,2.2,-36,0.974,0,90,0
31.701,0.6,-32.4,0.965,0,90,0
31.751,0.9,-12.5,0.971,0,90,0
31.801,1.1,-10.7,0.915,0,90,0
31.851,1.4,-17.5,0.971,0,90,0
31.901,1.7,0.2,0.972,0,90,0
31.951,0.9,-22.4,0.979,0,90,0
32.001,0.3,-17.3,0.969,0,90,0
32.051,1.4,15.3,0.963,0,90,0
32.101,3.8,50.5,0.974,0,90,0
32.151,4.3,19.6,0.972,0,90,0
32.201,4.3,9.2,0.927,0,90,0
32.251,7.8,63.3,1.007,0,90,0
32.301,9.1,46.3,0.94,0,90,0
32.351,10.2,46.8,0.906,0,90,0
32.401,11,17.7,0.649,0,90,0
32.451,11.9,37.6,0.81,0,90,0
32.501,12,24.4,0.771,0,90,0
32.551,12.8,5.6,1,0,90,0
32.601,14.4,49.8,0.988,0,90,0
32.651,15.8,28.5,0.979,0,90,0
32.701,16,24.2,0.988,0,90,0
32.751,16.5,28.1,0.99,0,90,0
32.801,16.4,13.9,0.986,0,90,0
32.851,15.4,-10.7,0.98,0,90,0
32.901,15.4,5.9,0.966,0,90,0
32.951,14.6,-1,0.98,0,90,0
33.001,15.2,14.2,0.992,0,90,0
33.051,13.9,-25.5,0.994,0,90,0
33.101,15.8,11.2,0.983,0,90,0
33.151,15.7,2.1,0.986,0,90,0
33.201,14.6,-12.4,0.985,0,90,0
33.251,14.2,-10.5,0.983,0,90,0
33.301,13.2,-24,0.978,0,90,0
33.351,14.3,-0.4,0.984,0,90,0
33.401,15.4,22.1,0.986,0,90,0
33.451,16.1,18.8,0.987,0,90,0
33.501,15.8,9.5,0.978,0,90,0
33.551,16.4,15.5,0.982,0,90,0
33.601,15.3,-16.8,0.989,0,90,0
33.651,14.4,-13.3,0.987,0,90,0
33.701,14.4,-3.8,0.982,0,90,0
33.751,12.8,-13.2,0.99,0,90,0
33.801,13.4,3.8,0.982,0,90,0
33.851,15.5,40.7,0.987,0,90,0
33.901,13.5,-32.5,0.985,0,90,0
33.951,13.4,-5.1,0.985,0,90,0
34.001,13.8,3.2,0.987,0,90,0
34.051,13.1,-20.2,0.989,0,90,0
34.101,11.8,-32.2,0.984,0,90,0
34.151,12,-4.9,0.982,0,90,0
34.201,11.4,-8.8,0.984,0,90,0
34.251,11.4,-7.4,0.976,0,90,0
34.301,12.7,16,0.983,0,90,0
34.351,12.6,-1.4,0.989,0,90,0
34.401,12.9,6.3,0.981,0,90,0
34.451,14.2,27.1,0.902,0,90,0
34.501,14.6,15.5,0.984,0,90,0
34.551,13.9,-9.3,0.958,0,90,0
34.601,12.7,-14.2,0.942,0,90,0
34.651,11.9,-19.6,0.686,0,90,0
34.701,11,-24.2,0.903,0,90,0
34.751,9.3,-22.7,0.902,0,90,0
34.801,11.4,33.2,1.52,0,90,0
34.851,10.5,3,1.039,0,90,0
34.901,8.4,-50,0.728,0,90,0
34.951,10.1,25,0.926,0,90,0
35.001,8.3,-0.7,0.995,0,90,0
35.051,8.4,-8.1,1.071,0,90,0
35.101,5.9,-59.4,1.139,0,90,0
35.151,4.8,-41,0.944,0,90,0
35.201,6.4,17.6,0.994,0,90,0
35.251,4.3,-52.5,1.25,0,90,0
35.301,5.2,-7.2,0.982,0,90,0
35.351,5.2,-6.1,0.98,0,90,0
35.401,4.2,-35.5,1.177,0,90,0
35.451,3.5,-22.7,0.968,0,90,0
35.501,2.4,-34.3,0.973,0,90,0
35.551,0.5,-30,0.934,0,90,0
35.601,0.8,-10.5,0.986,0,90,0
35.651,1.7,6.1,0.968,0,90,0
35.701,2.8,13,0.989,0,90,0
35.751,4.8,41,0.927,0,90,0
35.801,7.8,43.5,1.057,0,90,0
35.851,8.7,37,0.968,0,90,0
35.901,9.3,31.5,0.999,0,90,0
35.951,12.8,54.6,0.956,0,90,0
36.001,13.7,46.4,0.958,0,90,0
36.051,14,31.9,1.012,0,90,0
36.101,15.2,27.2,0.893,0,90,0
36.151,15.3,23.1,0.687,0,90,0
36.201,15.3,19.7,0.947,0,90,0
36.251,15.5,22.8,1.036,0,90,0
36.301,15.1,4.4,0.997,0,90,0
36.351,16.1,14.8,0.985,0,90,0
36.401,16.2,12.6,1.011,0,90,0
36.451,15.9,3.2,0.777,0,90,0
36.501,15.8,1.2,0.951,0,90,0
36.551,14.6,-21.5,0.993,0,90,0
36.601,14.6,-3.3,1.031,0,90,0
36.651,13.4,-24.9,0.658,0,90,0
36.701,12.7,-21.1,1.046,0,90,0
36.751,10.9,-48,0.959,0,90,0
36.801,9.5,-9.9,0.977,0,90,0
36.851,9.1,-23.4,0.989,0,90,0
36.901,8.8,-8.3,0.925,0,90,0
36.951,10.1,15.4,1.073,0,90,0
37.001,10.5,5.6,1.113,0,90,0
37.051,10.4,7.4,0.767,0,90,0
37.101,8.3,-46.2,0.831,0,90,0
37.151,8.7,-1.7,0.969,0,90,0
37.201,8.1,-5.4,0.976,0,90,0
37.251,8.5,2.9,0.98,0,90,0
37.301,7.4,-27.5,0.976,0,90,0
37.351,7.4,-25.5,0.989,0,90,0
37.401,6,-36.7,0.916,0,90,0
37.451,7.6,4.2,0.808,0,90,0
37.501,5.8,-41.4,1.122,0,90,0
37.551,6.4,2.3,0.917,0,90,0
37.601,7.5,8.1,1.016,0,90,0
37.651,7.1,-8.2,0.936,0,90,0
37.701,5.1,-44.4,0.943,0,90,0
37.751,4.8,-4.4,1.015,0,90,0
37.801,5.4,3.8,1.009,0,90,0
37.851,7.5,40.7,1.018,0,90,0
37.901,8.4,17.8,0.953,0,90,0
37.951,9.8,37.6,0.997,0,90,0
38.001,10.3,23.1,0.759,0,90,0
38.051,13.1,72.1,1.017,0,90,0
38.101,13.6,31.3,1.037,0,90,0
38.151,15.1,26.7,0.963,0,90,0
38.201,15.9,37.7,0.995,0,90,0
38.251,15,2.1,0.971,0,90,0
38.301,17.1,23.6,0.983,0,90,0
38.351,17.5,27.6,0.973,0,90,0
38.401,16.5,-0.3,0.985,0,90,0
38.451,15.1,-22.8,0.973,0,90,0
38.501,15.9,18.1,0.985,0,90,0
38.551,17,12,0.996,0,90,0
38.601,16.8,2.7,0.959,0,90,0
38.651,15.6,-20.2,0.737,0,90,0
38.701,12.7,-25.1,0.675,0,90,0
38.751,11.6,-36.3,1.02,0,90,0
38.801,10.5,-38.4,1.299,0,90,0
38.851,9.6,-38.6,0.995,0,90,0
38.901,8.1,-47.8,0.957,0,90,0
38.951,7.7,-21.8,0.966,0,90,0
39.001,8.3,-3.5,0.98,0,90,0
39.051,7.3,-33,0.961,0,90,0
39.101,6,-41.1,0.975,0,90,0
39.151,5.4,-27.4,0.974,0,90,0
39.201,5.4,-15.8,0.992,0,90,0
39.251,6.1,3.6,0.976,0,90,0
39.301,6.6,3,0.969,0,90,0
39.351,6.5,-4.9,0.976,0,90,0
39.401,4.8,-32.4,0.968,0,90,0
39.451,6.1,17.4,0.971,0,90,0
39.501,7,14.8,0.961,0,90,0
39.551,8.2,27.6,1.004,0,90,0
39.601,8.9,23.5,0.993,0,90,0
39.651,10,15.8,0.98,0,90,0
39.701,9.1,-9,0.982,0,90,0
39.751,10.6,37.3,0.989,0,90,0
39.801,14.2,45,0.948,0,90,0
39.851,14.6,30.7,0.857,0,90,0
39.901,13.5,-3.9,1.018,0,90,0
39.951,13.7,8.8,1.051,0,90,0
40.001,15,37.5,0.976,0,90,0
40.051,16,38,0.974,0,90,0
40.101,16.2,17.3,0.978,0,90,0
40.151,15.5,-0.3,0.982,0,90,0
40.201,15.6,-3.6,0.985,0,90,0
40.251,16.2,19.4,0.974,0,90,0
40.301,16.6,16.5,0.994,0,90,0
40.351,17.4,19.4,1.073,0,90,0
40.401,18.1,24,0.957,0,90,0
40.451,16.5,-24.6,1.145,0,90,0
40.501,14.8,-27.5,1.016,0,90,0
40.551,12.6,-53.4,0.929,0,90,0
40.601,11.2,-34.4,1.211,0,90,0
40.651,10.2,-36.8,0.99,0,90,0
40.701,8.2,-61.3,1.023,0,90,0
40.751,7,-40.1,0.969,0,90,0
40.801,6.1,-41.6,0.955,0,90,0
40.851,5.9,-27.9,0.881,0,90,0
40.901,5.1,-36.3,1.043,0,90,0
40.951,5.2,-15.8,0.971,0,90,0
41.001,4.7,-17.8,0.931,0,90,0
41.051,2.9,-52.6,0.962,0,90,0
41.101,2.7,-22.2,0.979,0,90,0
41.151,2.9,-26.9,0.973,0,90,0
41.201,2,-30.4,1.031,0,90,0
41.251,2.5,-3.3,0.956,0,90,0
41.301,1.1,-20.4,1.195,0,90,0
41.351,1.2,-9.9,0.893,0,90,0
41.401,-0.5,-45.9,0.961,0,90,0
41.451,-0.2,-6.5,0.963,0,90,0
41.501,-1,-28,0.968,0,90,0
41.551,-2.6,-35.3,0.964,0,90,0
41.601,-2.3,-7.5,0.97,0,90,0
41.651,-2.4,-13.9,0.974,0,90,0
41.701,-2.6,-0.3,0.973,0,90,0
41.751,-1.9,7.3,0.97,0,90,0
41.801,-2.2,-8.8,0.966,0,90,0
41.851,-0.6,21.4,0.962,0,90,0
41.901,0.8,33.2,0.987,0,90,0
41.951,2.1,35.7,0.974,0,90,0
42.001,3.9,41.9,1.006,0,90,0
42.051,4.4,28.1,0.929,0,90,0
42.101,6.3,41.7,0.985,0,90,0
42.151,8.1,57.9,1.004,0,90,0
42.201,9.6,56.8,1.017,0,90,0
42.251,12.8,69.9,0.851,0,90,0
42.301,13.7,51.9,0.885,0,90,0
42.351,14.3,44.1,0.962,0,90,0
42.401,14.5,15.7,1.132,0,90,0
42.451,14.4,20.9,0.714,0,90,0
42.501,16.9,70.3,1.217,0,90,0
42.551,17.8,31.6,0.917,0,90,0
42.601,18,26.9,0.981,0,90,0
42.651,17.2,-3.1,0.984,0,90,0
42.701,16.2,-10.1,0.979,0,90,0
42.751,16.6,13.9,0.965,0,90,0
42.801,15.3,-9.1,1.011,0,90,0
42.851,15.7,7.3,0.992,0,90,0
42.901,14.9,-16.3,0.979,0,90,0
42.951,15.9,-2.4,0.982,0,90,0
43.001,16.1,5.5,0.979,0,90,0
43.051,15.5,-10.4,0.994,0,90,0
43.101,15.7,-2.2,0.971,0,90,0
43.151,15.2,-9.4,0.981,0,90,0
43.201,15.7,7.1,0.947,0,90,0
43.251,15.9,6,0.957,0,90,0
43.301,15.7,-2.4,0.981,0,90,0
43.351,13.9,-12.2,0.971,0,90,0
43.401,14.1,-2.9,0.975,0,90,0
43.451,14.2,-2.5,0.951,0,90,0
43.501,14.9,23,0.983,0,90,0
43.551,15.1,4.5,0.965,0,90,0
43.601,14.5,-11.1,0.974,0,90,0
43.651,15.2,3.6,0.968,0,90,0
43.701,16,18,0.995,0,90,0
43.751,16.2,6.7,0.972,0,90,0
43.801,15.6,-9.3,1.176,0,90,0
43.851,15.9,7.1,0.988,0,90,0
43.901,14.3,-22.7,0.904,0,90,0
43.951,12.9,-34.3,0.897,0,90,0
44.001,12.4,-21.6,0.927,0,90,0
44.051,11.5,-23.1,1.23,0,90,0
44.101,10,-42.1,1.214,0,90,0
44.151,7.3,-61.6,0.98,0,90,0
44.201,6.7,-37.3,0.94,0,90,0
44.251,5.9,-39.2,1.018,0,90,0
44.301,4.8,-27.2,0.959,0,90,0
44.351,5.4,-8.1,1.013,0,90,0
44.401,4.3,-36.9,0.9,0,90,0
44.451,5.6,7.4,1.013,0,90,0
44.501,3.1,-61.2,1.003,0,90,0
44.551,3.9,0.5,0.967,0,90,0
44.601,3,-18.8,0.945,0,90,0
44.651,2.8,-15.9,0.953,0,90,0
44.701,3.2,-5.1,0.97,0,90,0
44.751,3.9,10.6,0.851,0,90,0
44.801,3.8,-6,0.957,0,90,0
44.851,2.5,-8.4,0.962,0,90,0
44.901,2.1,-14.7,0.959,0,90,0
44.951,1.9,-12.5,0.967,0,90,0
45.001,1.4,-26.3,0.964,0,90,0
45.051,1.7,0.2,0.693,0,90,0
45.101,1.3,-14.8,0.948,0,90,0
45.151,1.1,-3.2,0.956,0,90,0
45.201,0.9,-10.2,0.872,0,90,0
45.251,-1,-36.3,0.931,0,90,0
45.301,0.5,21.7,0.955,0,90,0
45.351,0.1,-11.6,0.96,0,90,0
45.401,0.2,7.8,0.963,0,90,0
45.451,0.6,6.6,1.085,0,90,0
45.501,1.6,20.6,0.781,0,90,0
45.551,4.3,43.8,1.002,0,90,0
45.601,4.7,22.2,0.875,0,90,0
45.651,6,41.4,1.004,0,90,0
45.701,8.7,51.3,0.792,0,90,0
45.751,10.7,66.1,0.892,0,90,0
45.801,13.6,53,0.978,0,90,0
45.851,13.5,30,1.358,0,90,0
45.901,14.2,40.5,1.015,0,90,0
45.951,15.6,44.3,0.975,0,90,0
46.001,14.5,0.1,0.98,0,90,0
46.051,15.5,37.6,0.87,0,90,0
46.101,15.2,15.6,1.015,0,90,0
46.151,14.2,-9.3,0.964,0,90,0
46.201,14.6,14.6,0.918,0,90,0
46.251,13.3,-8.6,0.885,0,90,0
46.301,11.3,-44.8,1.037,0,90,0
46.351,8.7,-39.9,1.022,0,90,0
46.401,8.6,-18.9,0.94,0,90,0
46.451,7.1,-46,0.904,0,90,0
46.501,5.5,-33.3,0.86,0,90,0
46.551,5.1,-28.3,0.818,0,90,0
46.601,4.9,-24,0.934,0,90,0
46.651,5.8,-4.6,0.915,0,90,0
46.701,4.6,-33.9,0.948,0,90,0
46.751,5.9,-0.1,0.967,0,90,0
46.801,6,-0.1,1.034,0,90,0
46.851,4.4,-37.6,0.838,0,90,0
46.901,1.7,-41,0.957,0,90,0
46.951,1.3,-27.4,0.962,0,90,0
47.001,0.3,-38.3,0.983,0,90,0
47.051,-0.8,-27.7,1.005,0,90,0
47.101,0,-1,0.891,0,90,0
47.151,1.2,14.1,0.988,0,90,0
47.201,2.9,26.3,0.94,0,90,0
47.251,3.8,22.4,1.011,0,90,0
47.301,6.3,26.7,0.827,0,90,0
47.351,8.1,52.7,1.049,0,90,0
47.401,9.6,52.3,0.996,0,90,0
47.451,12.5,77.5,0.978,0,90,0
47.501,14.2,65.9,0.836,0,90,0
47.551,16.4,78.5,1.059,0,90,0
47.601,15.5,17.3,0.921,0,90,0
47.651,17.5,67.2,0.973,0,90,0
47.701,15.7,-10.3,0.976,0,90,0
47.751,15.6,1.9,0.974,0,90,0
47.801,15.6,9.1,0.974,0,90,0
47.851,17.9,40.7,0.971,0,90,0
47.901,19.1,42.1,0.975,0,90,0
47.951,18.2,-1.7,0.917,0,90,0
48.001,16.5,2.1,0.775,0,90,0
48.051,15,-28.2,1.03,0,90,0
48.101,14.5,-16.5,0.93,0,90,0
48.151,13.2,-26.9,0.97,0,90,0
48.201,11.1,-52.9,0.984,0,90,0
48.251,11.6,-7.4,0.952,0,90,0
48.301,10.1,-41.7,0.963,0,90,0
48.351,10.5,-5.5,0.974,0,90,0
48.401,9.9,-16.7,0.964,0,90,0
48.451,9.7,-14.2,0.97,0,90,0
48.501,11,17.9,1,0,90,0
48.551,12.6,30.2,1.039,0,90,0
48.601,13.6,25.7,0.953,0,90,0
48.651,15.6,51.8,0.891,0,90,0
48.701,16.1,-0.1,0.989,0,90,0
48.751,16.9,29.9,0.983,0,90,0
48.801,16.7,10.5,0.973,0,90,0
48.851,17.6,11.7,0.72,0,90,0
48.901,15.1,-42.6,0.847,0,90,0
48.951,13.5,-18,0.947,0,90,0
49.001,12.4,-30.3,0.958,0,90,0
49.051,12.4,-10.8,0.979,0,90,0
49.101,12.9,8.4,0.947,0,90,0
49.151,13.1,-0.4,0.989,0,90,0
49.201,13.2,-0.3,0.976,0,90,0
49.251,15.2,27.5,0.93,0,90,0
49.301,14.2,-14.1,0.741,0,90,0
49.351,13.9,-4.5,0.975,0,90,0
49.401,11.7,-2.9,0.983,0,90,0
49.451,12.3,5.1,1,0,90,0
49.501,14.8,13,0.972,0,90,0
49.551,15.3,18.6,0.989,0,90,0
49.601,15.7,15.8,1.054,0,90,0
49.651,14.2,-34.7,1.042,0,90,0
49.701,13.6,-14.5,1.07,0,90,0
49.751,13.2,-12.3,0.971,0,90,0
49.801,13.4,-12.3,0.944,0,90,0
49.851,14.5,19.6,1.008,0,90,0
49.901,16.7,26.9,0.974,0,90,0
49.951,17.7,30.3,0.975,0,90,0
50.001,17.9,18.3,1.02,0,90,0
50.051,17.4,-10.4,0.779,0,90,0
50.101,14.6,-53.8,1.261,0,90,0
50.151,13.1,-38.3,1.026,0,90,0
50.201,11.5,-27.6,0.971,0,90,0
50.251,11.5,-16,0.958,0,90,0
50.301,11.5,-13.6,1.004,0,90,0
50.351,10.4,-32.3,0.942,0,90,0
50.401,10,-20,0.978,0,90,0
50.451,10,-6.9,0.972,0,90,0
50.501,9.8,-13.4,0.972,0,90,0
50.551,9.7,-11.4,0.975,0,90,0
50.601,9.2,-15.7,0.968,0,90,0
50.651,9.2,-5.9,0.966,0,90,0
50.701,8.9,-12.5,0.947,0,90,0
50.751,8.5,-17.6,0.973,0,90,0
50.801,7.8,-22.5,0.975,0,90,0
50.851,6.9,-26.6,0.893,0,90,0
50.901,5.8,-36.5,0.937,0,90,0
50.951,5.7,-16,0.98,0,90,0
51.001,4.6,-25.4,0.97,0,90,0
51.051,5.9,15.9,0.957,0,90,0
51.101,5.4,-16.5,0.934,0,90,0
51.151,4,-17.2,0.963,0,90,0
51.201,3.8,-14.6,0.968,0,90,0
51.251,2.6,-34.9,0.961,0,90,0
51.301,3.8,27.3,0.965,0,90,0
51.351,3.6,-6.8,0.959,0,90,0
51.401,4.6,16.7,0.96,0,90,0
51.451,3,-39.3,0.966,0,90,0
51.501,2.8,-10.9,0.981,0,90,0
51.551,4.1,12.4,0.937,0,90,0
51.601,4.9,18,0.881,0,90,0
51.651,7.2,52.8,0.95,0,90,0
51.701,7.6,20.2,1.006,0,90,0
51.751,6.9,-5.4,0.951,0,90,0
51.801,8.5,40.4,0.991,0,90,0
51.851,9.7,31.5,0.94,0,90,0
51.901,11,41.7,0.924,0,90,0
51.951,12.5,50.5,1.001,0,90,0
52.001,13.3,41,0.979,0,90,0
52.051,13.7,27.3,0.987,0,90,0
52.101,14,11.1,0.942,0,90,0
52.151,13.8,9.5,0.983,0,90,0
52.201,14,15.5,1.02,0,90,0
52.251,14.3,19.8,0.955,0,90,0
52.301,14.7,16.9,0.942,0,90,0
52.351,15,14.3,0.976,0,90,0
52.401,15.5,27.6,0.95,0,90,0
52.451,16.5,31,0.945,0,90,0
52.501,16.1,20.5,0.967,0,90,0
52.551,15.2,-12.6,0.973,0,90,0
52.601,16.3,26.8,0.973,0,90,0
52.651,20,43.7,0.962,0,90,0
52.701,20.2,22.2,0.969,0,90,0
52.751,20.3,18.9,0.972,0,90,0
52.801,19.2,-17.5,0.974,0,90,0
52.851,18.2,-14.9,0.977,0,90,0
52.901,18.6,9.9,0.939,0,90,0
52.951,18.5,0.7,0.879,0,90,0
53.001,18.1,-6.9,0.934,0,90,0
53.051,16.2,-25.2,1.013,0,90,0
53.101,15.6,-21.4,0.99,0,90,0
53.151,14.8,-25.7,1.009,0,90,0
53.201,12.8,-49.7,1.055,0,90,0
53.251,12.7,-19.7,0.859,0,90,0
53.301,11.2,-46.8,0.884,0,90,0
53.351,10.7,-21.1,0.982,0,90,0
53.401,11.7,4.6,0.94,0,90,0
53.451,10.9,-26.1,0.947,0,90,0
53.501,10.1,-10.2,0.9,0,90,0
53.551,9.2,-31.2,0.969,0,90,0
53.601,9,-17.3,0.888,0,90,0
53.651,9.5,0.3,0.948,0,90,0
53.701,9.4,-7.2,0.981,0,90,0
53.751,6.5,-37.1,1.014,0,90,0
53.801,5.8,-31.5,0.95,0,90,0
53.851,6,-11.8,0.852,0,90,0
53.901,7,-3.3,0.938,0,90,0
53.951,6.1,-25.3,0.958,0,90,0
54.001,4.1,-51.5,0.959,0,90,0
54.051,4.6,-22.6,0.966,0,90,0
54.101,3.8,-26.7,0.961,0,90,0
54.151,5,-1.3,0.951,0,90,0
54.201,6.2,21.4,0.958,0,90,0
54.251,6.6,10.7,0.967,0,90,0
54.301,6.1,-6.1,0.968,0,90,0
54.351,5.2,-20.2,0.957,0,90,0
54.401,5.3,-2.2,0.961,0,90,0
54.451,4.5,-25.2,0.958,0,90,0
54.501,5.5,16.1,0.958,0,90,0
54.551,6.5,21.2,0.979,0,90,0
54.601,8.5,29.2,0.948,0,90,0
54.651,9.5,32.3,1.014,0,90,0
54.701,7.5,-7.4,0.944,0,90,0
54.751,9.2,38.7,0.965,0,90,0
54.801,9.3,10.4,0.926,0,90,0
54.851,9,18.4,0.927,0,90,0
54.901,11.6,60.6,0.904,0,90,0
54.951,11.5,14,0.948,0,90,0
55.001,11.5,10.1,1.099,0,90,0
55.051,11.4,8.6,0.932,0,90,0
55.101,13.9,59.8,0.946,0,90,0
55.151,15.7,38,0.963,0,90,0
55.201,15.6,17.3,0.975,0,90,0
55.251,14.7,-11.1,0.955,0,90,0
55.301,17,58,0.942,0,90,0
55.351,15.4,-18.2,0.953,0,90,0
55.401,16.8,-0.8,0.968,0,90,0
55.451,15.9,-8.1,0.941,0,90,0
55.501,16.4,15.6,0.976,0,90,0
55.551,14.9,-15.4,0.975,0,90,0
55.601,15.4,9.4,0.89,0,90,0
55.651,15.6,27.4,0.984,0,90,0
55.701,16.9,30.8,0.911,0,90,0
55.751,17.4,18.7,0.959,0,90,0
55.801,18.4,39.4,0.985,0,90,0
55.851,19.4,33.5,0.998,0,90,0
55.901,20.1,28.5,0.947,0,90,0
55.951,21.2,28.1,0.989,0,90,0
56.001,19.9,-13.6,0.988,0,90,0
56.051,20.1,10.9,0.97,0,90,0
56.101,20.8,14.2,0.981,0,90,0
56.151,18.9,-32.9,0.975,0,90,0
56.201,17.9,-38,0.98,0,90,0
56.251,17,-24.8,0.974,0,90,0
56.301,14.7,-58.6,0.981,0,90,0
56.351,15.7,-4.1,0.975,0,90,0
56.401,14.5,-33.5,0.972,0,90,0
56.451,15.2,1.6,0.974,0,90,0
56.501,16.8,15,0.977,0,90,0
56.551,16,-17.3,0.978,0,90,0
56.601,15.8,-7.2,0.973,0,90,0
56.651,16.7,25.9,0.979,0,90,0
56.701,16.3,-7.9,0.977,0,90,0
56.751,14.9,-29.4,0.973,0,90,0
56.801,16.5,27.5,0.98,0,90,0
56.851,15.8,-14.1,0.98,0,90,0
56.901,17.6,22.8,0.97,0,90,0
56.951,18.3,19.4,0.969,0,90,0
57.001,16.6,-28.5,0.985,0,90,0
57.051,17.7,1.5,0.974,0,90,0
57.101,18,8.8,0.968,0,90,0
57.151,18.8,22.5,0.989,0,90,0
57.201,17.2,-8.1,0.976,0,90,0
57.251,18,15.6,0.977,0,90,0
57.301,17.7,16.9,0.978,0,90,0
57.351,18.3,14.4,0.982,0,90,0
57.401,16.9,-25.3,0.965,0,90,0
57.451,15.6,-28,0.98,0,90,0
57.501,16.6,13.7,0.977,0,90,0
57.551,16.9,4.1,0.978,0,90,0
57.601,15.7,1.1,0.971,0,90,0
57.651,15.9,0.9,0.972,0,90,0
57.701,15.4,-14.2,0.979,0,90,0
57.751,15.1,7,0.975,0,90,0
57.801,14.1,-24.1,0.975,0,90,0
57.851,14.9,1.7,0.976,0,90,0
57.901,13.3,-36,0.981,0,90,0
57.951,12.3,-30.6,0.976,0,90,0
58.001,12.6,7.9,0.985,0,90,0
58.051,13.2,6.7,0.967,0,90,0
58.101,13.6,5.7,0.973,0,90,0
58.151,13.9,5.2,0.984,0,90,0
58.201,14,4.5,0.971,0,90,0
58.251,13.8,-3.7,0.977,0,90,0
58.301,14.7,28.4,0.974,0,90,0
58.351,14.3,-5.8,0.968,0,90,0
58.401,13.2,-47.3,0.972,0,90,0
58.451,14.6,27.3,0.977,0,90,0
58.501,13.9,-14.3,0.979,0,90,0
58.551,13.1,-20.1,0.971,0,90,0
58.601,12.9,-9.6,0.973,0,90,0
58.651,14.1,21.9,0.984,0,90,0
58.701,15.8,23.3,0.98,0,90,0
58.751,15.3,-2.7,0.977,0,90,0
58.801,15.7,-6.5,0.976,0,90,0
58.851,16.3,17,0.99,0,90,0
58.901,14.9,-23,0.992,0,90,0
58.951,16.8,13,0.986,0,90,0
59.001,16,-11.5,0.944,0,90,0
59.051,15.8,-2.2,0.979,0,90,0
59.101,14.8,-6.9,0.962,0,90,0
59.151,14.6,-5.8,1.007,0,90,0
59.201,14.9,2.5,0.984,0,90,0
59.251,14.1,-20.7,0.96,0,90,0
59.301,14.2,-2.6,0.947,0,90,0
59.351,13.9,0.4,0.97,0,90,0
59.401,13.4,-14.7,0.97,0,90,0
59.451,13.7,2.5,0.995,0,90,0
59.501,13.7,4.1,0.983,0,90,0
59.551,13.2,-11.5,1.024,0,90,0
59.601,12.2,-24.8,1.026,0,90,0
59.651,14.5,30.1,0.987,0,90,0
59.701,14.8,10.6,0.947,0,90,0
59.751,14.3,-6,1.008,0,90,0
59.801,15.1,17,1.014,0,90,0
59.851,15.9,22,1.044,0,90,0
59.901,13.5,-41.9,1.115,0,90,0
59.951,13.5,-5.6,0.998,0,90,0
60.001,14.1,10.2,0.866,0,90,0
60.051,11.6,-32,0.966,0,90,0
60.101,11.2,-19.7,0.973,0,90,0
60.151,10.9,-16.7,1.019,0,90,0
60.201,10.4,-29.3,1.078,0,90,0
60.251,9.3,-32.4,0.795,0,90,0
60.301,9.4,-12.6,0.915,0,90,0
60.351,10.1,5.9,0.901,0,90,0
60.401,9.5,-17.5,0.967,0,90,0
60.451,9.1,-13.7,0.957,0,90,0
60.501,9.9,10.8,1.186,0,90,0
60.551,11.8,39.2,1.269,0,90,0
60.601,12.8,5.8,1.09,0,90,0
60.651,14.4,42.4,0.773,0,90,0
60.701,13.4,-8.9,0.867,0,90,0
60.751,14.8,17.9,1.304,0,90,0
60.801,16.4,45.2,0.974,0,90,0
60.851,15,-14,0.97,0,90,0
60.901,15.3,-0.8,0.979,0,90,0
60.951,14.7,-8.2,0.986,0,90,0
61.001,16,20.7,0.973,0,90,0
61.051,15.8,2.6,0.983,0,90,0
61.101,16.7,24.7,0.982,0,90,0
61.151,15.8,8.5,0.979,0,90,0
61.201,15.3,-7.8,0.975,0,90,0
61.251,14,-29.1,0.974,0,90,0
61.301,13.4,-43.9,0.974,0,90,0
61.351,14.1,7.7,0.977,0,90,0
61.401,14.2,-19.2,1.01,0,90,0
61.451,14.7,6.2,1.01,0,90,0
61.501,14.9,5.3,1.168,0,90,0
61.551,14.3,8.3,0.973,0,90,0
61.601,12.9,-30.5,0.969,0,90,0
61.651,12,-25.9,1.092,0,90,0
61.701,11.5,-21,0.974,0,90,0
61.751,12.2,4.7,0.965,0,90,0
61.801,10.5,-41,1.004,0,90,0
61.851,9.4,-33,1.01,0,90,0
61.901,9.7,-5.6,0.73,0,90,0
61.951,8.9,-7,1.036,0,90,0
62.001,9.8,9,0.956,0,90,0
62.051,10,0.2,0.97,0,90,0
62.101,9.1,-12.6,1.094,0,90,0
62.151,8.8,-10.7,0.969,0,90,0
62.201,8,-24.1,0.974,0,90,0
62.251,7.1,-17.4,0.861,0,90,0
62.301,6.1,-29.8,1.033,0,90,0
62.351,5.2,-32.8,0.971,0,90,0
62.401,5.8,5.1,0.915,0,90,0
62.451,6.3,4.4,0.977,0,90,0
62.501,5.1,-24.6,0.974,0,90,0
62.551,3.8,-35.9,0.949,0,90,0
62.601,3,-30.5,0.984,0,90,0
62.651,3.7,6.8,0.984,0,90,0
62.701,5,20.8,0.967,0,90,0
62.751,6.2,25.2,0.582,0,90,0
62.801,10,42.6,0.992,0,90,0
62.851,10.8,36.2,0.948,0,90,0
62.901,11.4,30.8,1.166,0,90,0
62.951,13.5,42.5,1.203,0,90,0
63.001,13.8,28.6,0.968,0,90,0
63.051,15.7,40.9,1.266,0,90,0
63.101,15.9,27.3,1.031,0,90,0
63.151,16.1,23.2,0.971,0,90,0
63.201,17.9,27.3,1.034,0,90,0
63.251,17.4,8.2,0.954,0,90,0
63.301,16.7,-0.6,0.976,0,90,0
63.351,17.1,12.3,0.968,0,90,0
63.401,16.5,-4.5,0.995,0,90,0
63.451,16.8,11.2,0.933,0,90,0
63.501,17.3,-1.7,1.003,0,90,0
63.551,17.3,6.1,0.969,0,90,0
63.601,16.9,6.6,0.865,0,90,0
63.651,16,-16.9,0.898,0,90,0
63.701,13.7,-51.8,0.946,0,90,0
63.751,13.1,-9.7,0.973,0,90,0
63.801,12.1,-30.7,0.729,0,90,0
63.851,12.9,3.9,1.019,0,90,0
63.901,12.5,-0.2,1.031,0,90,0
63.951,12.1,-15.2,0.901,0,90,0
64.001,12.2,-5.4,0.981,0,90,0
64.051,12.1,-2.8,0.974,0,90,0
64.101,12.9,12.6,0.968,0,90,0
64.151,12.3,-11.1,0.961,0,90,0
64.201,13.4,20.6,0.885,0,90,0
64.251,12.7,-12.5,0.98,0,90,0
64.301,12.3,-1.6,0.944,0,90,0
64.351,13.7,28.7,1.006,0,90,0
64.401,14.7,24.4,1.178,0,90,0
64.451,15.3,10.1,0.947,0,90,0
64.501,15.3,8.6,1.018,0,90,0
64.551,15.6,23.5,0.896,0,90,0
64.601,15.2,-2.6,1.198,0,90,0
64.651,14.9,-2.2,0.88,0,90,0
64.701,15.9,19.8,1.003,0,90,0
64.751,15.7,1.8,0.986,0,90,0
64.801,16.3,16.6,0.988,0,90,0
64.851,16.9,12,0.989,0,90,0
64.901,15.7,-19.8,0.973,0,90,0
64.951,16.3,13.1,0.971,0,90,0
65.001,16.4,3.1,0.99,0,90,0
65.051,17.1,17.7,0.927,0,90,0
65.101,16.7,-18.4,1.008,0,90,0
65.151,17.6,21.9,0.971,0,90,0
65.201,16.8,-11.4,0.981,0,90,0
65.251,17.9,19.5,0.98,0,90,0
65.301,17.7,1.6,0.982,0,90,0
65.351,17.6,1.3,0.974,0,90,0
65.401,16.2,-20.4,0.961,0,90,0
65.451,15.6,-17.3,0.949,0,90,0
65.501,14.5,-29.7,1.861,0,90,0
65.551,13.6,-14,0.997,0,90,0
65.601,13.5,-11.9,0.966,0,90,0
65.651,13.2,-7.5,0.964,0,90,0
65.701,13.6,1.2,0.953,0,90,0
65.751,13.2,-14,0.971,0,90,0
65.801,13.1,-21,1.073,0,90,0
65.851,12.5,-17.9,1.142,0,90,0
65.901,11.1,-37.7,0.951,0,90,0
65.951,11,-7,0.962,0,90,0
66.001,10.1,-28.4,0.972,0,90,0
66.051,10.9,5.8,0.964,0,90,0
66.101,11,-1,0.983,0,90,0
66.151,11.8,14.1,0.981,0,90,0
66.201,11.6,-2.5,0.963,0,90,0
66.251,11.9,5.3,0.883,0,90,0
66.301,12.1,4.5,1.036,0,90,0
66.351,11.7,-3.1,0.983,0,90,0
66.401,9.8,-40.1,1.066,0,90,0
66.451,10.7,10.9,0.714,0,90,0
66.501,13.9,43.1,0.863,0,90,0
66.551,14.1,14.1,0.986,0,90,0
66.601,14.5,19.5,1.007,0,90,0
66.651,14.2,8.9,0.677,0,90,0
66.701,14.6,15,0.994,0,90,0
66.751,13.8,-10.5,1.005,0,90,0
66.801,13,-16.4,0.977,0,90,0
66.851,12.1,-21.5,1.002,0,90,0
66.901,10.2,-47.8,0.984,0,90,0
66.951,9.9,-18.1,1.018,0,90,0
67.001,11.1,14.6,0.985,0,90,0
67.051,11.4,6.4,0.986,0,90,0
67.101,12.8,28,1.019,0,90,0
67.151,13.5,15,0.855,0,90,0
67.201,13.8,12.7,0.962,0,90,0
67.251,13,-11.7,0.995,0,90,0
67.301,15,23.4,0.993,0,90,0
67.351,15.1,12.4,1.208,0,90,0
67.401,14.9,3.1,1.275,0,90,0
67.451,14.8,1.1,1.039,0,90,0
67.501,14.3,-6.6,0.991,0,90,0
67.551,14.4,1.9,0.99,0,90,0
67.601,12.6,-17.7,0.981,0,90,0
67.651,12.9,-0.1,0.978,0,90,0
67.701,14.5,21.3,1.048,0,90,0
67.751,13.4,-19.4,1.052,0,90,0
67.801,13.7,6,0.983,0,90,0
67.851,13.4,-10.6,0.984,0,90,0
67.901,14.1,13.4,0.956,0,90,0
67.951,14.2,3.9,1.039,0,90,0
68.001,12.5,-24.9,1.288,0,90,0
68.051,12.4,-6.2,1.111,0,90,0
68.101,14.2,32.3,1,0,90,0
68.151,13.4,-9.7,0.882,0,90,0
68.201,14.8,29.3,1.233,0,90,0
68.251,14.8,0.9,0.985,0,90,0
68.301,14.3,-6.7,0.919,0,90,0
68.351,12.9,-28.2,0.978,0,90,0
68.401,13.2,-19.6,0.989,0,90,0
68.451,12.9,-9.2,0.986,0,90,0
68.501,13.4,7.2,1.008,0,90,0
68.551,13.3,8.6,0.995,0,90,0
68.601,13.3,-0.2,1.008,0,90,0
68.651,13.7,7.3,1.011,0,90,0
68.701,14.8,20.3,1.077,0,90,0
68.751,15.4,17.2,1.002,0,90,0
68.801,14.5,-7.8,0.979,0,90,0
68.851,15.8,30.9,1.158,0,90,0
68.901,15.3,-3.8,1.184,0,90,0
68.951,14.4,-10.2,0.885,0,90,0
69.001,14.1,-8.7,1.07,0,90,0
69.051,13.5,-14.9,0.955,0,90,0
69.101,13.3,-31.4,0.977,0,90,0
69.151,13.7,3.3,0.972,0,90,0
69.201,14.3,10.3,0.826,0,90,0
69.251,13.2,6.7,0.908,0,90,0
69.301,14.3,20.7,0.975,0,90,0
69.351,15.3,16.1,0.961,0,90,0
69.401,14.6,-8.8,0.982,0,90,0
69.451,14.6,0,0.971,0,90,0
69.501,13.1,-11.6,0.974,0,90,0
69.551,13.2,-2.4,1.111,0,90,0
69.601,13.3,-2,0.853,0,90,0
69.651,14.6,19.9,0.827,0,90,0
69.701,15.2,16.9,0.974,0,90,0
69.751,13.9,-23.1,0.955,0,90,0
69.801,15.1,16.3,0.908,0,90,0
69.851,15.9,21.4,0.911,0,90,0
69.901,15.1,-13.4,1.11,0,90,0
69.951,15.2,3.6,0.986,0,90,0
70.001,16,18,0.995,0,90,0
70.051,15.5,-8.3,0.904,0,90,0
70.101,15.5,0.4,1.11,0,90,0
70.151,14.4,-22.2,0.938,0,90,0
70.201,14.8,4.2,0.991,0,90,0
70.251,15.3,11.1,0.994,0,90,0
70.301,15.1,2.8,0.998,0,90,0
70.351,14.9,-5.1,0.995,0,90,0
70.401,14.4,-11.9,0.992,0,90,0
70.451,16.6,33,0.993,0,90,0
70.501,16.9,13.1,0.99,0,90,0
70.551,17.1,11.1,0.991,0,90,0
70.601,16.8,10.3,0.984,0,90,0
70.651,17,8.7,0.993,0,90,0
70.701,17.8,22.4,0.997,0,90,0
70.751,17.6,3.5,0.973,0,90,0
70.801,18.2,17.9,0.98,0,90,0
70.851,18.3,6.6,0.989,0,90,0
70.901,17.3,-16.9,0.988,0,90,0
70.951,17,-6.9,0.989,0,90,0
71.001,16.5,-13.6,0.996,0,90,0
71.051,16.5,-4,1.007,0,90,0
71.101,15.8,-18.4,1.057,0,90,0
71.151,17.5,29.4,1.008,0,90,0
71.201,17.1,-5,1.04,0,90,0
71.251,17.2,3.3,0.993,0,90,0
71.301,16.4,-11.5,1.009,0,90,0
71.351,15.7,-17.3,1.011,0,90,0
71.401,16,10,1.205,0,90,0
71.451,16.1,1,0.99,0,90,0
71.501,16.6,8.4,0.629,0,90,0
71.551,16.8,7.2,0.979,0,90,0
71.601,16.7,-1.4,1.153,0,90,0
71.651,15.9,-16.2,1.063,0,90,0
71.701,15.7,3.3,1.259,0,90,0
71.751,15.3,-12.2,1.161,0,90,0
71.801,15.3,-2.9,0.99,0,90,0
71.851,16.5,10.7,0.967,0,90,0
71.901,15.4,-20.9,0.952,0,90,0
71.951,13.7,-21.5,0.94,0,90,0
72.001,13.9,-3.3,0.995,0,90,0
72.051,14.1,-2.8,0.848,0,90,0
72.101,13.2,-6.1,1.023,0,90,0
72.151,13.3,-5.2,0.908,0,90,0
72.201,13.3,-4.4,0.972,0,90,0
72.251,13.4,15.2,0.976,0,90,0
72.301,13.7,5.4,0.979,0,90,0
72.351,14,4.6,0.955,0,90,0
72.401,13,-27.8,0.979,0,90,0
72.451,12.8,-8.6,0.984,0,90,0
72.501,12.7,20.8,0.934,0,90,0
72.551,11.9,-19.9,0.95,0,90,0
72.601,11.4,-16.9,1.008,0,90,0
72.651,12.7,15.6,0.963,0,90,0
72.701,12.2,-9.3,0.988,0,90,0
72.751,11.9,-7.9,0.901,0,90,0
72.801,11,-12.1,0.987,0,90,0
72.851,11.9,12.2,0.963,0,90,0
72.901,11.4,-12.1,0.989,0,90,0
72.951,11.2,-1.2,0.977,0,90,0
73.001,11.2,-1.1,1.176,0,90,0
73.051,11.7,6.7,1.163,0,90,0
73.101,11.9,5.7,1.067,0,90,0
73.151,12.8,19.9,0.975,0,90,0
73.201,12.1,3.9,0.966,0,90,0
73.251,12.9,18.3,0.966,0,90,0
73.301,12,-14.5,0.977,0,90,0
73.351,11.4,-3,0.975,0,90,0
73.401,11.8,5,0.976,0,90,0
73.451,11.1,-18.9,0.972,0,90,0
73.501,11.9,13.9,0.84,0,90,0
73.551,11.7,-3.2,0.916,0,90,0
73.601,14.2,30.7,0.963,0,90,0
73.651,15,26.1,1.059,0,90,0
73.701,16.9,52.2,0.638,0,90,0
73.751,18.2,41.1,1.068,0,90,0
73.801,17.9,12.4,0.962,0,90,0
73.851,17.7,10.6,1.09,0,90,0
73.901,16.6,-6.2,1,0,90,0
73.951,16.2,-5.3,0.96,0,90,0
74.001,15.8,-13.6,0.969,0,90,0
74.051,15.7,-4,1.022,0,90,0
74.101,14.5,-25.9,0.995,0,90,0
74.151,14.9,10.1,1,0,90,0
74.201,16.1,23.6,1.027,0,90,0
74.251,15.5,-9.9,1.008,0,90,0
74.301,15.7,-20.3,0.99,0,90,0
74.351,16.3,12.7,0.99,0,90,0
74.401,14.2,-41.7,0.988,0,90,0
74.451,14.4,4,0.998,0,90,0
74.501,14.8,3.4,0.995,0,90,0
74.551,14.7,4.7,0.981,0,90,0
74.601,15.3,11.5,1.01,0,90,0
74.651,15.3,2.3,1.002,0,90,0
74.701,16.2,6.9,0.993,0,90,0
74.751,17.3,28.4,0.96,0,90,0
74.801,17,1.6,0.976,0,90,0
74.851,16.8,-8.6,0.771,0,90,0
74.901,16.6,0.2,1.037,0,90,0
74.951,16.9,7.7,0.998,0,90,0
75.001,16,-7.2,0.881,0,90,0
75.051,16.2,1.4,0.966,0,90,0
75.101,17.1,6.2,0.999,0,90,0
75.151,17.2,5.3,1.021,0,90,0
75.201,16.9,-3,0.792,0,90,0
75.251,15.5,-14.9,1.266,0,90,0
75.301,14.7,-20.2,1.098,0,90,0
75.351,14.3,-17.1,0.867,0,90,0
75.401,12.2,-22.9,1.095,0,90,0
75.451,12.2,-12,1.044,0,90,0
75.501,12.3,-10.2,0.956,0,90,0
75.551,12.1,-6.2,0.947,0,90,0
75.601,12.2,-5.3,0.978,0,90,0
75.651,12.1,-21.1,0.939,0,90,0
75.701,11.5,-17.9,0.959,0,90,0
75.751,10.8,-22.7,0.976,0,90,0
75.801,11.5,22.2,0.945,0,90,0
75.851,11.5,-3.6,0.975,0,90,0
75.901,11.1,-10.6,1.062,0,90,0
75.951,11.3,-1.3,0.97,0,90,0
76.001,12.4,21.4,0.989,0,90,0
76.051,12.7,10.7,0.976,0,90,0
76.101,14.6,28,0.908,0,90,0
76.151,14.2,1.3,0.956,0,90,0
76.201,13.7,-17.4,0.983,0,90,0
76.251,13.3,-7.3,0.988,0,90,0
76.301,12.6,-13.7,0.985,0,90,0
76.351,13.1,2.8,0.972,0,90,0
76.401,12.5,-12.6,0.985,0,90,0
76.451,12.5,-3.2,1.392,0,90,0
76.501,11.8,-8.7,1.878,0,90,0
76.551,11,-22.4,1.008,0,90,0
76.601,11.9,-6.8,0.979,0,90,0
76.651,12.4,9.2,0.94,0,90,0
76.701,12.8,7.8,0.955,0,90,0
76.751,11.7,-24.3,1.057,0,90,0
76.801,11.6,-5.7,0.899,0,90,0
76.851,12.2,10.2,1.014,0,90,0
76.901,14.5,36.2,1.204,0,90,0
76.951,14.8,15.8,1.104,0,90,0
77.001,15.7,28.4,0.985,0,90,0
77.051,15.4,17.5,1.021,0,90,0
77.101,14.7,-7.6,1.142,0,90,0
77.151,14.9,8.4,0.804,0,90,0
77.201,15.8,22.1,0.968,0,90,0
77.251,16,11.3,0.99,0,90,0
77.301,14.9,-13.2,0.988,0,90,0
77.351,15.1,3.8,1.003,0,90,0
77.401,15.2,3.2,0.995,0,90,0
77.451,14.2,7.9,0.998,0,90,0
77.501,12.9,-30.7,0.985,0,90,0
77.551,12.3,-18.6,0.988,0,90,0
77.601,11.9,-23.2,0.991,0,90,0
77.651,12.1,-4.7,0.99,0,90,0
77.701,12.4,-13.2,0.994,0,90,0
77.751,13.1,11.3,0.981,0,90,0
77.801,13.2,2.1,0.994,0,90,0
77.851,12.5,-3.7,0.986,0,90,0
77.901,12.5,-3.2,0.991,0,90,0
77.951,13.1,12.3,1.176,0,90,0
78.001,14.9,31.4,1.09,0,90,0
78.051,14.4,-3.3,0.832,0,90,0
78.101,14.4,4.7,1.041,0,90,0
78.151,13.8,-3,0.996,0,90,0
78.201,13,-17.5,0.979,0,90,0
78.251,13.3,-9.7,0.968,0,90,0
78.301,13,-8.2,1.28,0,90,0
78.351,12.8,-7,0.9,0,90,0
78.401,12.1,-2.8,1.123,0,90,0
78.451,11.5,-17.4,0.979,0,90,0
78.501,11.8,0.2,0.975,0,90,0
78.551,11.9,1.3,0.711,0,90,0
78.601,11.7,-6.4,1.025,0,90,0
78.651,10.2,-35.4,0.967,0,90,0
78.701,12.3,29.9,0.977,0,90,0
78.751,12,-4.6,0.981,0,90,0
78.801,11.6,-3.3,0.97,0,90,0
78.851,12.3,12.2,0.969,0,90,0
78.901,12,-4.6,0.967,0,90,0
78.951,12,4.1,0.981,0,90,0
79.001,12.8,18.5,1.022,0,90,0
79.051,11.6,-21.8,0.946,0,90,0
79.101,11,-19.1,0.976,0,90,0
79.151,12.2,21.3,0.969,0,90,0
79.201,13,18.1,0.949,0,90,0
79.251,11.5,-12.4,0.894,0,90,0
79.301,11.1,-10.6,1.05,0,90,0
79.351,10.8,1,0.971,0,90,0
79.401,10.3,-14.2,0.965,0,90,0
79.451,11.8,25.5,0.977,0,90,0
79.501,11.3,-18,0.972,0,90,0
79.551,9.9,-30.3,0.833,0,90,0
79.601,11.8,34.3,0.917,0,90,0
79.651,13.3,18.4,0.879,0,90,0
79.701,14.4,30.6,0.867,0,90,0
79.751,16.9,33.7,1.882,0,90,0
79.801,15.7,-8.8,1.138,0,90,0
79.851,16.3,22.5,0.978,0,90,0
79.901,15.1,-29.9,0.971,0,90,0
79.951,16.2,27.1,0.984,0,90,0
80.001,15.6,-7,1.009,0,90,0
80.051,14.9,-5,0.993,0,90,0
80.101,15.4,10.7,0.994,0,90,0
80.151,15.8,9.1,0.991,0,90,0
80.201,16.5,14.1,0.995,0,90,0
80.251,15.4,-18,0.99,0,90,0
80.301,15.8,7.2,0.994,0,90,0
80.351,14.9,-16.4,0.988,0,90,0
80.401,15.1,1.1,0.989,0,90,0
80.451,15.8,7.2,0.991,0,90,0
80.501,16,6.1,1.294,0,90,0
80.551,16.5,12.7,1.089,0,90,0
80.601,16.1,-4.7,1.01,0,90,0
80.651,15.5,-11.5,1.242,0,90,0
80.701,14.8,-17.3,0.944,0,90,0
80.751,14.2,-32,0.574,0,90,0
80.801,13.6,-19.7,1.013,0,90,0
80.851,14.2,-11.2,0.973,0,90,0
80.901,13.5,-17,0.977,0,90,0
80.951,13.1,-14.5,0.86,0,90,0
81.001,14.2,9.8,0.695,0,90,0
81.051,13.2,-21.7,1.036,0,90,0
81.101,12.2,-25.9,0.969,0,90,0
81.151,13.3,7.9,0.688,0,90,0
81.201,12.3,-23.3,0.957,0,90,0
81.251,12.3,-4.8,0.979,0,90,0
81.301,12.9,2.9,0.977,0,90,0
81.351,12.1,-20,0.7,0,90,0
81.401,11.8,-17.8,1.021,0,90,0
81.451,10.6,-30.2,0.961,0,90,0
81.501,10.5,-10.6,0.991,0,90,0
81.551,10.3,-16.3,0.985,0,90,0
81.601,9.3,-28.9,0.983,0,90,0
81.651,9.3,-9.5,0.818,0,90,0
81.701,11.7,18.6,1,0,90,0
81.751,13.7,45.8,0.977,0,90,0
81.801,13.6,8.9,0.743,0,90,0
81.851,16.8,54.5,0.855,0,90,0
81.901,16,1.3,1.243,0,90,0
81.951,15.6,7.3,1.154,0,90,0
82.001,16.3,21.2,1.01,0,90,0
82.051,17,25.5,0.97,0,90,0
82.101,16,-9.3,0.975,0,90,0
82.151,16.1,7.1,0.989,0,90,0
82.201,16.6,13.5,0.991,0,90,0
82.251,16.1,-4.1,0.99,0,90,0
82.301,15.2,-18.5,1,0,90,0
82.351,15.2,-0.7,0.991,0,90,0
82.401,15.8,-2.8,1,0,90,0
82.451,16,5.1,0.979,0,90,0
82.501,14.8,-26.3,1.002,0,90,0
82.551,14.7,-7.3,0.995,0,90,0
82.601,13.9,-21.2,1.008,0,90,0
82.651,14.9,12.4,0.993,0,90,0
82.701,13,-42,0.99,0,90,0
82.751,12.8,-13.2,0.995,0,90,0
82.801,12.7,-0.9,0.988,0,90,0
82.851,14,21.7,0.986,0,90,0
82.901,14.9,18,0.994,0,90,0
82.951,14.4,-7.2,0.992,0,90,0
83.001,15.1,16.4,0.991,0,90,0
83.051,13.2,-2.8,0.994,0,90,0
83.101,13.3,-2.4,0.99,0,90,0
83.151,14.7,28,0.997,0,90,0
83.201,14.3,2.2,0.991,0,90,0
83.251,14,-5.6,0.969,0,90,0
83.301,14.8,17.7,0.966,0,90,0
83.351,15.2,24.8,0.961,0,90,0
83.401,16,21.1,0.991,0,90,0
83.451,16.3,17.5,0.987,0,90,0
83.501,16,-0.1,0.994,0,90,0
83.551,15.4,-7.6,0.995,0,90,0
83.601,16.2,6.1,0.983,0,90,0
83.651,14.5,-32.3,0.997,0,90,0
83.701,15.9,25,0.986,0,90,0
83.751,16.6,3.1,0.985,0,90,0
83.801,16.2,-4.9,0.985,0,90,0
83.851,17.3,25.9,0.992,0,90,0
83.901,15.1,-19.6,0.988,0,90,0
83.951,16.2,20.9,0.99,0,90,0
84.001,15.3,-1.8,0.993,0,90,0